{
    "nr_prodotti": 102,
    "tot_prezzo": 1357.4800000000007,
    "totbianco": 47,
    "totS": 25,
    "totM": 25,
    "totXL": 25,
    "totverde": 33,
    "totL": 26,
    "totrosso": 21,
    "totciano": 1,
    "totXXL": 1,
    "mediaprezzo": 13.3086274509804
}